{"stats":{"minecraft:dropped":{"minecraft:ender_eye":1,"minecraft:ender_pearl":1},"minecraft:killed":{"minecraft:zombie":1},"minecraft:picked_up":{"minecraft:experience_bottle":2,"minecraft:rotten_flesh":1,"minecraft:gold_nugget":6,"minecraft:iron_ingot":30,"minecraft:iron_nugget":16,"minecraft:emerald":6},"minecraft:custom":{"minecraft:time_since_rest":20111,"minecraft:open_chest":2,"minecraft:crouch_one_cm":1759,"minecraft:sprint_one_cm":3601,"minecraft:play_time":71158,"minecraft:damage_taken":240,"minecraft:deaths":1,"minecraft:walk_one_cm":151454,"minecraft:sneak_time":4508,"minecraft:walk_under_water_one_cm":127745,"minecraft:mob_kills":2,"minecraft:drop":2,"minecraft:jump":94,"minecraft:damage_dealt":406,"minecraft:leave_game":14,"minecraft:walk_on_water_one_cm":15657,"minecraft:time_since_death":20083,"minecraft:total_world_time":77850,"minecraft:fly_one_cm":451794},"minecraft:used":{"minecraft:oak_log":54,"minecraft:ender_eye":9,"minecraft:water_bucket":1,"minecraft:oak_door":45,"minecraft:torch":10,"minecraft:diamond_block":11,"minecraft:gold_block":3,"minecraft:ender_pearl":3,"minecraft:experience_bottle":6}},"DataVersion":3465}