{"stats":{"minecraft:used":{"minecraft:mossy_stone_bricks":104,"minecraft:water_bucket":2,"minecraft:ender_eye":12,"minecraft:firework_rocket":1,"minecraft:flint_and_steel":2,"minecraft:red_wool":108,"minecraft:chorus_fruit":2,"minecraft:ender_pearl":9,"minecraft:cracked_stone_bricks":7,"minecraft:white_wool":21,"minecraft:torch":11,"minecraft:glowstone":61,"minecraft:diamond_sword":186,"minecraft:bow":25,"minecraft:potion":1,"minecraft:red_bed":15,"minecraft:white_bed":1,"minecraft:stripped_oak_log":3,"minecraft:acacia_planks":1,"minecraft:end_stone":11,"minecraft:obsidian":32},"minecraft:killed":{"minecraft:ender_dragon":1,"minecraft:shulker":1},"minecraft:picked_up":{"minecraft:iron_chestplate":2,"minecraft:end_stone":44,"minecraft:magenta_banner":1,"minecraft:torch":3,"minecraft:potion":2,"minecraft:diamond_horse_armor":1,"minecraft:diamond_shovel":2,"minecraft:beetroot_seeds":13,"minecraft:iron_ingot":6,"minecraft:chorus_fruit":49,"minecraft:iron_sword":1,"minecraft:iron_boots":1,"minecraft:ender_pearl":2},"minecraft:custom":{"minecraft:time_since_rest":7909,"minecraft:walk_one_cm":131776,"minecraft:sprint_one_cm":3265,"minecraft:damage_taken":2230,"minecraft:mob_kills":2,"minecraft:damage_dealt":610,"minecraft:fly_one_cm":1323361,"minecraft:open_chest":3,"minecraft:crouch_one_cm":1562,"minecraft:play_time":100325,"minecraft:deaths":9,"minecraft:sneak_time":5310,"minecraft:walk_under_water_one_cm":59738,"minecraft:aviate_one_cm":181426,"minecraft:jump":199,"minecraft:leave_game":4,"minecraft:walk_on_water_one_cm":230614,"minecraft:time_since_death":10249,"minecraft:sleep_in_bed":2,"minecraft:total_world_time":107321,"minecraft:climb_one_cm":418,"minecraft:fall_one_cm":228}},"DataVersion":3465}