{"stats":{"minecraft:used":{"minecraft:warden_spawn_egg":8,"minecraft:enderman_spawn_egg":24,"minecraft:diamond_boots":1,"minecraft:flint_and_steel":1,"minecraft:iron_block":73,"minecraft:ender_pearl":3,"minecraft:shield":9,"minecraft:light_blue_bed":50,"minecraft:torch":5,"minecraft:diamond_sword":45,"minecraft:diamond_chestplate":1,"minecraft:diamond_block":1,"minecraft:potion":11,"minecraft:gold_block":2,"minecraft:diamond_helmet":1,"minecraft:endermite_spawn_egg":3,"minecraft:splash_potion":28,"minecraft:diamond_leggings":1,"minecraft:pillager_spawn_egg":63},"minecraft:killed":{"minecraft:skeleton":11,"minecraft:pillager":1,"minecraft:zombie":7,"minecraft:pig":1,"minecraft:witch":2,"minecraft:spider":4,"minecraft:bat":7,"minecraft:creeper":7,"minecraft:enderman":2},"minecraft:dropped":{"minecraft:shield":1,"minecraft:gunpowder":1,"minecraft:torch":1},"minecraft:picked_up":{"minecraft:melon":1,"minecraft:ink_sac":3,"minecraft:gunpowder":2,"minecraft:diamond_block":45,"minecraft:white_banner":4,"minecraft:bone":2,"minecraft:arrow":6,"minecraft:rotten_flesh":1,"minecraft:wheat_seeds":1,"minecraft:ender_pearl":2},"minecraft:custom":{"minecraft:time_since_rest":38374,"minecraft:sprint_one_cm":840,"minecraft:damage_taken":177,"minecraft:walk_one_cm":153405,"minecraft:damage_blocked_by_shield":190,"minecraft:mob_kills":43,"minecraft:drop":3,"minecraft:damage_dealt":2854,"minecraft:talked_to_villager":1,"minecraft:fly_one_cm":754830,"minecraft:open_chest":3,"minecraft:crouch_one_cm":1493,"minecraft:play_time":99183,"minecraft:sneak_time":5370,"minecraft:raid_trigger":1,"minecraft:bell_ring":15,"minecraft:walk_under_water_one_cm":57037,"minecraft:jump":149,"minecraft:leave_game":6,"minecraft:walk_on_water_one_cm":28764,"minecraft:time_since_death":99183,"minecraft:sleep_in_bed":2,"minecraft:total_world_time":104640}},"DataVersion":3465}