{"stats":{"minecraft:killed":{"minecraft:pig":2,"minecraft:salmon":2,"minecraft:spider":1,"minecraft:skeleton":1,"minecraft:sheep":5,"minecraft:zombie":1,"minecraft:chicken":5,"minecraft:cow":4},"minecraft:custom":{"minecraft:interact_with_furnace":22,"minecraft:mob_kills":22,"minecraft:interact_with_crafting_table":47,"minecraft:leave_game":5,"minecraft:time_since_death":159936,"minecraft:sleep_in_bed":8,"minecraft:time_since_rest":14907,"minecraft:sprint_one_cm":56685,"minecraft:damage_taken":1210,"minecraft:walk_one_cm":472819,"minecraft:drop":25,"minecraft:damage_dealt":1918,"minecraft:swim_one_cm":9062,"minecraft:fly_one_cm":15557,"minecraft:open_chest":67,"minecraft:crouch_one_cm":7373,"minecraft:play_time":161681,"minecraft:deaths":2,"minecraft:sneak_time":2861,"minecraft:walk_under_water_one_cm":12424,"minecraft:jump":1483,"minecraft:walk_on_water_one_cm":14371,"minecraft:total_world_time":161681,"minecraft:fall_one_cm":20063},"minecraft:mined":{"minecraft:oak_sapling":3,"minecraft:farmland":4,"minecraft:cherry_log":65,"minecraft:cherry_sapling":4,"minecraft:crafting_table":2,"minecraft:torch":2,"minecraft:short_grass":90,"minecraft:grass_block":125,"minecraft:chest":2,"minecraft:oak_pressure_plate":2,"minecraft:tall_grass":2,"minecraft:wall_torch":4,"minecraft:pink_petals":7,"minecraft:furnace":2,"minecraft:iron_ore":6,"minecraft:wheat":13,"minecraft:cherry_door":1,"minecraft:orange_tulip":1,"minecraft:oak_log":40,"minecraft:coal_ore":16,"minecraft:cherry_leaves":10,"minecraft:sunflower":13,"minecraft:gravel":12,"minecraft:dirt":76,"minecraft:stone":94,"minecraft:oak_leaves":97},"minecraft:broken":{"minecraft:wooden_shovel":2,"minecraft:wooden_axe":1},"minecraft:dropped":{"minecraft:stone_axe":1,"minecraft:wheat_seeds":3,"minecraft:stone_sword":1,"minecraft:dirt":5,"minecraft:torch":9,"minecraft:stone_pickaxe":1,"minecraft:wooden_pickaxe":1,"minecraft:cherry_door":2,"minecraft:bucket":2},"minecraft:picked_up":{"minecraft:pink_petals":50,"minecraft:crafting_table":2,"minecraft:wheat":7,"minecraft:feather":10,"minecraft:chicken":5,"minecraft:cherry_planks":242,"minecraft:salmon":2,"minecraft:wooden_pickaxe":1,"minecraft:flint":1,"minecraft:oak_log":56,"minecraft:cherry_door":5,"minecraft:dirt":224,"minecraft:flint_and_steel":1,"minecraft:cooked_mutton":6,"minecraft:bone":3,"minecraft:apple":3,"minecraft:orange_tulip":2,"minecraft:wheat_seeds":52,"minecraft:bucket":2,"minecraft:beef":5,"minecraft:stone_pickaxe":1,"minecraft:cooked_chicken":5,"minecraft:oak_boat":1,"minecraft:oak_planks":26,"minecraft:chest":2,"minecraft:furnace":2,"minecraft:stick":8,"minecraft:raw_iron":5,"minecraft:cooked_porkchop":4,"minecraft:torch":44,"minecraft:oak_pressure_plate":2,"minecraft:gravel":22,"minecraft:porkchop":4,"minecraft:cherry_log":65,"minecraft:stone_sword":1,"minecraft:arrow":6,"minecraft:rotten_flesh":4,"minecraft:stone_axe":1,"minecraft:cherry_sapling":10,"minecraft:oak_sapling":35,"minecraft:mutton":8,"minecraft:coal":19,"minecraft:white_wool":9,"minecraft:cobblestone":147,"minecraft:sunflower":14},"minecraft:used":{"minecraft:cherry_sapling":4,"minecraft:wheat_seeds":26,"minecraft:cooked_mutton":2,"minecraft:water_bucket":3,"minecraft:stone_sword":94,"minecraft:stone_pickaxe":122,"minecraft:orange_tulip":1,"minecraft:chest":4,"minecraft:wooden_pickaxe":28,"minecraft:wooden_shovel":121,"minecraft:salmon":2,"minecraft:torch":22,"minecraft:dirt":186,"minecraft:crafting_table":3,"minecraft:white_bed":1,"minecraft:wooden_axe":59,"minecraft:wooden_hoe":27,"minecraft:apple":1,"minecraft:cherry_door":2,"minecraft:oak_pressure_plate":3,"minecraft:stone_axe":109,"minecraft:cobblestone":3,"minecraft:oak_sapling":5,"minecraft:furnace":3,"minecraft:bucket":3,"minecraft:cooked_beef":5,"minecraft:bone_meal":9},"minecraft:crafted":{"minecraft:cooked_beef":5,"minecraft:cherry_planks":260,"minecraft:oak_planks":160,"minecraft:wooden_shovel":2,"minecraft:cooked_porkchop":4,"minecraft:crafting_table":1,"minecraft:oak_pressure_plate":1,"minecraft:wooden_pickaxe":1,"minecraft:cooked_chicken":5,"minecraft:furnace":2,"minecraft:bone_meal":9,"minecraft:bucket":1,"minecraft:stone_axe":1,"minecraft:cooked_mutton":8,"minecraft:bread":1,"minecraft:flint_and_steel":1,"minecraft:oak_boat":1,"minecraft:wooden_hoe":1,"minecraft:shield":1,"minecraft:stick":20,"minecraft:iron_ingot":5,"minecraft:stone_pickaxe":1,"minecraft:wooden_axe":1,"minecraft:stone_sword":1,"minecraft:chest":2,"minecraft:cherry_door":3,"minecraft:white_bed":1,"minecraft:torch":52}},"DataVersion":3700}