{"stats":{"minecraft:used":{"minecraft:potion":3},"minecraft:picked_up":{"minecraft:arrow":1,"minecraft:slime_ball":1},"minecraft:custom":{"minecraft:jump":54,"minecraft:open_chest":3,"minecraft:time_since_rest":32695,"minecraft:damage_dealt":98,"minecraft:crouch_one_cm":236,"minecraft:leave_game":6,"minecraft:play_time":32695,"minecraft:sprint_one_cm":62,"minecraft:time_since_death":32695,"minecraft:walk_on_water_one_cm":9383,"minecraft:walk_one_cm":28372,"minecraft:bell_ring":18,"minecraft:sneak_time":3711,"minecraft:total_world_time":33257,"minecraft:walk_under_water_one_cm":155686,"minecraft:swim_one_cm":17712,"minecraft:talked_to_villager":1,"minecraft:fly_one_cm":328085,"minecraft:interact_with_brewingstand":1}},"DataVersion":3465}