{"stats":{"minecraft:used":{"minecraft:redstone_torch":1,"minecraft:iron_block":1,"minecraft:redstone":3},"minecraft:custom":{"minecraft:jump":78,"minecraft:time_since_rest":27217,"minecraft:inspect_hopper":1,"minecraft:leave_game":7,"minecraft:crouch_one_cm":153,"minecraft:play_time":27217,"minecraft:inspect_dropper":1,"minecraft:sprint_one_cm":828,"minecraft:time_since_death":27217,"minecraft:walk_one_cm":1587,"minecraft:sneak_time":1387,"minecraft:total_world_time":27720,"minecraft:fly_one_cm":245253}},"DataVersion":2975}