{

  "parent": "minecraft:end/kill_dragon",
  "display": {
    "icon": {
      "item": "minecraft:ender_pearl"
    },
    "title": {
      "translate": "advancements.end.enter_end_gateway.title"
    },
    "description": {
      "translate": "advancements.end.enter_end_gateway.description"
    },
    "frame": "task",
    "show_toast": false,
    "announce_to_chat": false,
    "hidden": true
  },
  "criteria": {
        "impossible": {
            "trigger": "minecraft:impossible"
        }
  },
  "requirements": [
    [
      "impossible"
    ]
  ]
}