{

  "parent": "minecraft:end/find_end_city",
  "display": {
    "icon": {
      "item": "minecraft:shulker_shell"
    },
    "title": {
      "translate": "advancements.end.levitate.title"
    },
    "description": {
      "translate": "advancements.end.levitate.description"
    },
    "frame": "task",
    "show_toast": false,
    "announce_to_chat": false,
    "hidden": true
  },
  "criteria": {
        "impossible": {
            "trigger": "minecraft:impossible"
        }
  },
  "requirements": [
    [
      "impossible"
    ]
  ]
}