{
  "minecraft:recipes/decorations/crafting_table": {
    "criteria": {
      "unlock_right_away": "2023-09-09 20:17:45 +0530"
    },
    "done": true
  },
  "minecraft:adventure/adventuring_time": {
    "criteria": {
      "minecraft:snowy_slopes": "2023-09-09 20:21:41 +0530",
      "minecraft:beach": "2023-09-09 20:17:51 +0530",
      "minecraft:lukewarm_ocean": "2023-09-09 20:25:10 +0530",
      "minecraft:river": "2023-09-09 20:18:38 +0530",
      "minecraft:dripstone_caves": "2023-09-09 20:20:57 +0530",
      "minecraft:forest": "2023-09-09 20:18:24 +0530",
      "minecraft:frozen_peaks": "2023-09-09 20:21:30 +0530",
      "minecraft:meadow": "2023-09-09 20:21:44 +0530",
      "minecraft:savanna": "2023-09-09 20:18:54 +0530",
      "minecraft:plains": "2023-09-09 20:18:40 +0530"
    },
    "done": false
  },
  "minecraft:recipes/transportation/mangrove_boat": {
    "criteria": {
      "in_water": "2023-09-09 20:19:35 +0530"
    },
    "done": true
  },
  "minecraft:recipes/transportation/acacia_boat": {
    "criteria": {
      "in_water": "2023-09-09 20:19:35 +0530"
    },
    "done": true
  },
  "minecraft:recipes/transportation/cherry_boat": {
    "criteria": {
      "in_water": "2023-09-09 20:19:35 +0530"
    },
    "done": true
  },
  "minecraft:recipes/transportation/bamboo_raft": {
    "criteria": {
      "in_water": "2023-09-09 20:19:35 +0530"
    },
    "done": true
  },
  "minecraft:recipes/transportation/spruce_boat": {
    "criteria": {
      "in_water": "2023-09-09 20:19:35 +0530"
    },
    "done": true
  },
  "minecraft:recipes/transportation/birch_boat": {
    "criteria": {
      "in_water": "2023-09-09 20:19:35 +0530"
    },
    "done": true
  },
  "minecraft:recipes/transportation/oak_boat": {
    "criteria": {
      "in_water": "2023-09-09 20:19:35 +0530"
    },
    "done": true
  },
  "minecraft:recipes/transportation/jungle_boat": {
    "criteria": {
      "in_water": "2023-09-09 20:19:35 +0530"
    },
    "done": true
  },
  "minecraft:recipes/transportation/dark_oak_boat": {
    "criteria": {
      "in_water": "2023-09-09 20:19:35 +0530"
    },
    "done": true
  },
  "minecraft:husbandry/root": {
    "criteria": {
      "consumed_item": "2023-09-09 20:30:20 +0530"
    },
    "done": true
  },
  "minecraft:recipes/redstone/sticky_piston": {
    "criteria": {
      "has_slime_ball": "2023-09-09 22:00:54 +0530"
    },
    "done": true
  },
  "minecraft:recipes/redstone/slime_block": {
    "criteria": {
      "has_slime_ball": "2023-09-09 22:00:54 +0530"
    },
    "done": true
  },
  "minecraft:recipes/tools/lead": {
    "criteria": {
      "has_slime_ball": "2023-09-09 22:00:54 +0530"
    },
    "done": true
  },
  "DataVersion": 3465
}