{"stats":{"minecraft:used":{"minecraft:diamond_block":2,"minecraft:gold_block":1,"minecraft:zombie_spawn_egg":7},"minecraft:custom":{"minecraft:time_since_rest":100568,"minecraft:crouch_one_cm":1902,"minecraft:play_time":100568,"minecraft:sprint_one_cm":1604,"minecraft:damage_taken":60,"minecraft:walk_one_cm":263562,"minecraft:sneak_time":5400,"minecraft:walk_under_water_one_cm":185705,"minecraft:mob_kills":1,"minecraft:drop":13,"minecraft:jump":324,"minecraft:damage_dealt":419,"minecraft:leave_game":17,"minecraft:time_since_death":100568,"minecraft:walk_on_water_one_cm":9178,"minecraft:total_world_time":124381,"minecraft:fall_one_cm":1677,"minecraft:fly_one_cm":571158,"minecraft:open_chest":9},"minecraft:dropped":{"minecraft:gold_block":1,"minecraft:golden_axe":1,"minecraft:rotten_flesh":1,"minecraft:golden_hoe":1,"minecraft:glistering_melon_slice":6,"minecraft:glowstone":1,"minecraft:obsidian":1,"minecraft:ladder":1},"minecraft:picked_up":{"minecraft:ladder":1,"minecraft:rotten_flesh":2,"minecraft:golden_hoe":1,"minecraft:golden_axe":1,"minecraft:glistering_melon_slice":6,"minecraft:obsidian":1}},"DataVersion":3465}