{"stats":{"minecraft:custom":{"minecraft:open_barrel":2,"minecraft:bell_ring":4,"minecraft:leave_game":121,"minecraft:time_since_death":299081,"minecraft:climb_one_cm":11752,"minecraft:sprint_one_cm":260776,"minecraft:walk_one_cm":1519587,"minecraft:play_time":1430298,"minecraft:deaths":14,"minecraft:sneak_time":58537,"minecraft:walk_under_water_one_cm":821059,"minecraft:jump":1096,"minecraft:walk_on_water_one_cm":95138,"minecraft:total_world_time":253634,"minecraft:tune_noteblock":2,"minecraft:time_since_rest":299111,"minecraft:fly_one_cm":15574689,"minecraft:open_chest":1,"minecraft:crouch_one_cm":45963},"minecraft:used":{"minecraft:diorite_stairs":8,"minecraft:oak_fence":382,"minecraft:oak_trapdoor":242,"minecraft:purpur_block":36,"minecraft:nether_brick_fence":11,"minecraft:iron_bars":72,"minecraft:crimson_fence":7,"minecraft:acacia_log":1,"minecraft:orange_concrete":76,"minecraft:smooth_quartz_slab":128,"minecraft:red_concrete":6,"minecraft:red_sandstone_slab":9,"minecraft:spruce_slab":109,"minecraft:bone_block":8,"minecraft:ladder":502,"minecraft:oak_sign":23,"minecraft:light_gray_carpet":183,"minecraft:light_blue_terracotta":48,"minecraft:white_concrete_powder":15,"minecraft:spruce_planks":21,"minecraft:stone":73,"minecraft:stripped_jungle_wood":7,"minecraft:warped_sign":20,"minecraft:red_nether_brick_stairs":2,"minecraft:stripped_birch_wood":9,"minecraft:quartz_stairs":9,"minecraft:structure_block":1,"minecraft:oak_door":1,"minecraft:debug_stick":1483,"minecraft:orange_stained_glass":18,"minecraft:torch":56,"minecraft:soul_sand":4,"minecraft:anvil":6,"minecraft:white_carpet":6,"minecraft:blue_stained_glass":48,"minecraft:nether_bricks":135,"minecraft:prismarine_bricks":40,"minecraft:orange_glazed_terracotta":3,"minecraft:twisting_vines":4,"minecraft:spruce_stairs":64,"minecraft:prismarine_brick_stairs":5,"minecraft:cobblestone_wall":5,"minecraft:nether_brick_slab":20,"minecraft:light_gray_glazed_terracotta":1,"minecraft:yellow_carpet":4,"minecraft:yellow_candle":5,"minecraft:acacia_button":235,"minecraft:jungle_trapdoor":172,"minecraft:light_blue_stained_glass":3,"minecraft:nether_brick_stairs":74,"minecraft:stripped_spruce_log":3,"minecraft:oak_fence_gate":18,"minecraft:birch_door":95,"minecraft:red_sandstone_stairs":8,"minecraft:glass":82,"minecraft:brown_terracotta":233,"minecraft:crimson_button":3,"minecraft:sea_lantern":31,"minecraft:cyan_terracotta":30,"minecraft:chipped_anvil":1,"minecraft:light_gray_stained_glass":12,"minecraft:quartz_pillar":27,"minecraft:yellow_stained_glass":37,"minecraft:quartz_slab":1,"minecraft:oak_stairs":1242,"minecraft:lantern":3,"minecraft:iron_block":22,"minecraft:grass_block":36,"minecraft:blue_orchid":27,"minecraft:spruce_button":2,"minecraft:acacia_slab":106,"minecraft:polished_andesite_stairs":2,"minecraft:jungle_log":1,"minecraft:mossy_cobblestone_slab":9,"minecraft:smooth_quartz":78,"minecraft:dark_oak_button":6,"minecraft:pink_wool":8,"minecraft:crimson_planks":8,"minecraft:prismarine_slab":36,"minecraft:item_frame":50,"minecraft:light_gray_wool":1,"minecraft:tripwire_hook":167,"minecraft:repeater":5,"minecraft:red_carpet":17,"minecraft:redstone_lamp":1,"minecraft:brown_carpet":6,"minecraft:snow":705,"minecraft:iron_trapdoor":22,"minecraft:jungle_button":3,"minecraft:white_stained_glass_pane":16,"minecraft:acacia_fence":1,"minecraft:gold_block":21,"minecraft:skeleton_skull":1,"minecraft:granite_wall":1,"minecraft:mossy_stone_brick_wall":1,"minecraft:orange_terracotta":16,"minecraft:large_fern":3,"minecraft:crimson_stem":2,"minecraft:dark_oak_stairs":31,"minecraft:water_bucket":5,"minecraft:diorite":2,"minecraft:nether_brick_wall":9,"minecraft:amethyst_block":4,"minecraft:iron_ore":8,"minecraft:light_blue_glazed_terracotta":19,"minecraft:spruce_door":3,"minecraft:pink_glazed_terracotta":4,"minecraft:brick_wall":1,"minecraft:prismarine_brick_slab":2,"minecraft:stripped_acacia_log":326,"minecraft:acacia_trapdoor":458,"minecraft:dark_oak_sign":10,"minecraft:oak_planks":1833,"minecraft:birch_wood":1,"minecraft:andesite_slab":40,"minecraft:purple_glazed_terracotta":1,"minecraft:sandstone":1,"minecraft:end_stone_brick_slab":3,"minecraft:structure_void":3,"minecraft:spruce_sign":103,"minecraft:magenta_stained_glass":43,"minecraft:blue_bed":1,"minecraft:clay":4,"minecraft:spruce_fence_gate":2,"minecraft:gold_ore":8,"minecraft:smooth_quartz_stairs":80,"minecraft:dark_oak_trapdoor":22,"minecraft:diamond_block":1,"minecraft:yellow_terracotta":1,"minecraft:lime_terracotta":45,"minecraft:terracotta":12,"minecraft:stripped_dark_oak_log":491,"minecraft:vine":44,"minecraft:birch_sign":32,"minecraft:black_banner":2,"minecraft:light_gray_terracotta":32,"minecraft:light_gray_concrete_powder":8,"minecraft:chiseled_quartz_block":12,"minecraft:stone_brick_wall":1,"minecraft:brown_glazed_terracotta":3,"minecraft:painting":89,"minecraft:black_concrete_powder":1,"minecraft:spruce_log":165,"minecraft:red_sandstone_wall":7,"minecraft:crimson_fence_gate":16,"minecraft:dark_oak_door":12,"minecraft:lightning_rod":9,"minecraft:nether_gold_ore":2,"minecraft:birch_fence":44,"minecraft:redstone_torch":20,"minecraft:black_terracotta":38,"minecraft:gray_terracotta":18,"minecraft:lever":1,"minecraft:blue_glazed_terracotta":7,"minecraft:red_sandstone":85,"minecraft:acacia_stairs":173,"minecraft:black_concrete":40,"minecraft:acacia_door":9,"minecraft:birch_fence_gate":82,"minecraft:mangrove_door":1,"minecraft:stripped_jungle_log":13,"minecraft:command_block":5,"minecraft:light_gray_concrete":19,"minecraft:heavy_weighted_pressure_plate":12,"minecraft:oak_button":392,"minecraft:string":219,"minecraft:brown_stained_glass":9,"minecraft:barrier":17,"minecraft:stone_button":34,"minecraft:lapis_ore":4,"minecraft:jungle_stairs":4,"minecraft:magenta_concrete":19,"minecraft:red_terracotta":40,"minecraft:polished_granite":151,"minecraft:spruce_trapdoor":29,"minecraft:oak_pressure_plate":2,"minecraft:diamond_ore":4,"minecraft:iron_door":10,"minecraft:prismarine_wall":4,"minecraft:yellow_wool":1,"minecraft:polished_andesite_slab":2,"minecraft:magenta_stained_glass_pane":134,"minecraft:chiseled_stone_bricks":3,"minecraft:acacia_pressure_plate":9,"minecraft:red_concrete_powder":2,"minecraft:smooth_stone_slab":1,"minecraft:mossy_cobblestone_wall":9,"minecraft:dark_oak_fence":1,"minecraft:smithing_table":1,"minecraft:magenta_glazed_terracotta":4,"minecraft:white_stained_glass":97,"minecraft:jungle_door":1,"minecraft:green_concrete_powder":1,"minecraft:birch_log":14,"minecraft:chain":7,"minecraft:glass_pane":2,"minecraft:pink_stained_glass":1,"minecraft:ice":2,"minecraft:polished_blackstone_button":315,"minecraft:stripped_oak_log":3,"minecraft:white_concrete":1287,"minecraft:gray_wool":2,"minecraft:cobweb":243,"minecraft:gray_stained_glass":12,"minecraft:green_stained_glass":51},"minecraft:picked_up":{"minecraft:item_frame":1,"minecraft:oak_sign":2,"minecraft:dark_oak_door":1,"minecraft:debug_stick":2,"minecraft:lime_terracotta":1,"minecraft:lever":3}},"DataVersion":3218}