{
  "minecraft:recipes/transportation/acacia_boat": {
    "criteria": {
      "entered_water": "2019-12-08 13:38:53 +0100"
    },
    "done": true
  },
  "minecraft:recipes/transportation/dark_oak_boat": {
    "criteria": {
      "entered_water": "2019-12-08 13:38:53 +0100"
    },
    "done": true
  },
  "minecraft:recipes/redstone/repeater": {
    "criteria": {
      "has_redstone_torch": "2019-12-08 12:32:45 +0100"
    },
    "done": true
  },
  "minecraft:recipes/transportation/birch_boat": {
    "criteria": {
      "entered_water": "2019-12-08 13:38:53 +0100"
    },
    "done": true
  },
  "minecraft:recipes/transportation/boat": {
    "criteria": {
      "entered_water": "2019-12-08 13:38:53 +0100"
    },
    "done": true
  },
  "minecraft:recipes/transportation/jungle_boat": {
    "criteria": {
      "entered_water": "2019-12-08 13:38:53 +0100"
    },
    "done": true
  },
  "minecraft:recipes/transportation/spruce_boat": {
    "criteria": {
      "entered_water": "2019-12-08 13:38:53 +0100"
    },
    "done": true
  },
  "minecraft:adventure/adventuring_time": {
    "criteria": {
      "mesa": "2018-02-16 08:25:16 +0100",
      "plains": "2019-07-05 18:54:09 +0200",
      "extreme_hills": "2018-02-16 08:28:01 +0100",
      "roofed_forest": "2018-02-16 08:28:04 +0100",
      "desert": "2018-02-16 08:28:08 +0100"
    },
    "done": false
  }
}