{"stats":{"minecraft:used":{"minecraft:white_wool":2,"minecraft:potion":11,"minecraft:white_bed":92},"minecraft:dropped":{"minecraft:filled_map":2,"minecraft:wheat_seeds":1,"minecraft:wheat":6,"minecraft:potion":1,"minecraft:rotten_flesh":2,"minecraft:slime_ball":1,"minecraft:arrow":1,"minecraft:coal":1},"minecraft:picked_up":{"minecraft:wheat":6,"minecraft:torch":2,"minecraft:filled_map":1,"minecraft:gunpowder":3,"minecraft:redstone":7,"minecraft:string":7,"minecraft:arrow":1,"minecraft:rotten_flesh":2,"minecraft:slime_ball":1,"minecraft:kelp":1,"minecraft:wheat_seeds":1,"minecraft:music_disc_otherside":1,"minecraft:saddle":1,"minecraft:bread":1,"minecraft:mutton":1,"minecraft:coal":1,"minecraft:white_wool":1,"minecraft:egg":1},"minecraft:custom":{"minecraft:time_since_rest":20425,"minecraft:sprint_one_cm":1656,"minecraft:walk_one_cm":121581,"minecraft:mob_kills":5,"minecraft:drop":15,"minecraft:damage_dealt":2434,"minecraft:swim_one_cm":22086,"minecraft:talked_to_villager":1,"minecraft:fly_one_cm":1457820,"minecraft:open_chest":8,"minecraft:crouch_one_cm":1465,"minecraft:play_time":114792,"minecraft:sneak_time":7783,"minecraft:bell_ring":31,"minecraft:walk_under_water_one_cm":251290,"minecraft:jump":145,"minecraft:interact_with_brewingstand":1,"minecraft:leave_game":16,"minecraft:walk_on_water_one_cm":27294,"minecraft:time_since_death":114792,"minecraft:sleep_in_bed":2,"minecraft:climb_one_cm":66,"minecraft:total_world_time":116281}},"DataVersion":3465}