{

  "parent": "minecraft:nether/all_potions",
  "display": {
    "icon": {
      "item": "minecraft:bucket"
    },
    "title": {
      "translate": "advancements.nether.all_effects.title"
    },
    "description": {
      "translate": "advancements.nether.all_effects.description"
    },
    "frame": "task",
    "show_toast": false,
    "announce_to_chat": false,
    "hidden": true
  },
  "criteria": {
        "impossible": {
            "trigger": "minecraft:impossible"
        }
  },
  "requirements": [
    [
      "impossible"
    ]
  ]
}