{

  "parent": "minecraft:nether/root",
  "display": {
    "icon": {
      "item": "minecraft:nether_bricks"
    },
    "title": {
      "translate": "advancements.nether.find_fortress.title"
    },
    "description": {
      "translate": "advancements.nether.find_fortress.description"
    },
    "frame": "task",
    "show_toast": false,
    "announce_to_chat": false,
    "hidden": true
  },
  "criteria": {
        "impossible": {
            "trigger": "minecraft:impossible"
        }
  },
  "requirements": [
    [
      "impossible"
    ]
  ]
}