{

  "parent": "minecraft:nether/find_fortress",
  "display": {
    "icon": {
      "item": "minecraft:blaze_rod"
    },
    "title": {
      "translate": "advancements.nether.obtain_blaze_rod.title"
    },
    "description": {
      "translate": "advancements.nether.obtain_blaze_rod.description"
    },
    "frame": "task",
    "show_toast": false,
    "announce_to_chat": false,
    "hidden": true
  },
  "criteria": {
        "impossible": {
            "trigger": "minecraft:impossible"
        }
  },
  "requirements": [
    [
      "impossible"
    ]
  ]
}