{

  "parent": "minecraft:adventure/sleep_in_bed",
  "display": {
    "icon": {
      "item": "minecraft:diamond_boots",
      "nbt": "{Damage:0}"
    },
    "title": {
      "translate": "advancements.adventure.adventuring_time.title"
    },
    "description": {
      "translate": "advancements.adventure.adventuring_time.description"
    },
    "frame": "task",
    "show_toast": false,
    "announce_to_chat": false,
    "hidden": true
  },
  "criteria": {
        "impossible": {
            "trigger": "minecraft:impossible"
        }
  },
  "requirements": [
    [
      "impossible"
    ]
  ]
}