{

  "parent": "minecraft:adventure/kill_a_mob",
  "display": {
    "icon": {
      "item": "minecraft:totem_of_undying"
    },
    "title": {
      "translate": "advancements.adventure.totem_of_undying.title"
    },
    "description": {
      "translate": "advancements.adventure.totem_of_undying.description"
    },
    "frame": "task",
    "show_toast": false,
    "announce_to_chat": false,
    "hidden": true
  },
  "criteria": {
        "impossible": {
            "trigger": "minecraft:impossible"
        }
  },
  "requirements": [
    [
      "impossible"
    ]
  ]
}