{"stat.useItem.minecraft.stone_slab":207,"stat.walkOneCm":56517,"stat.leaveGame":1,"stat.flyOneCm":504102,"stat.useItem.minecraft.spruce_door":8,"stat.jump":68,"stat.playOneMinute":33638,"stat.useItem.minecraft.planks":58,"stat.useItem.minecraft.redstone_block":5,"stat.sneakTime":3046,"stat.useItem.minecraft.piston":8,"stat.useItem.minecraft.red_sandstone":134,"stat.useItem.minecraft.spruce_stairs":10,"stat.crouchOneCm":2399,"stat.useItem.minecraft.wool":6,"stat.timeSinceDeath":33638,"stat.useItem.minecraft.spruce_fence":4,"stat.useItem.minecraft.stained_hardened_clay":70,"stat.useItem.minecraft.dirt":13,"stat.useItem.minecraft.trapdoor":24,"stat.sprintOneCm":2197,"stat.useItem.minecraft.wooden_slab":6,"stat.useItem.minecraft.fence":10,"stat.useItem.minecraft.concrete":86,"stat.useItem.minecraft.sandstone":30}