{"stat.walkOneCm":30928,"stat.useItem.minecraft.stone":19,"stat.leaveGame":10,"stat.useItem.minecraft.carpet":13,"stat.useItem.minecraft.clay":2,"stat.useItem.minecraft.bedrock":17,"stat.jump":69,"stat.swimOneCm":3065,"stat.crouchOneCm":2396,"stat.useItem.minecraft.stained_hardened_clay":3,"stat.useItem.minecraft.stone_button":1,"stat.useItem.minecraft.dirt":1,"stat.sprintOneCm":5857,"stat.useItem.minecraft.concrete":2,"stat.useItem.minecraft.dispenser":12,"stat.useItem.minecraft.iron_block":68,"stat.dispenserInspected":2,"stat.flyOneCm":5145325,"stat.deaths":4,"stat.playOneMinute":191453,"stat.sneakTime":5126,"stat.timeSinceDeath":55049,"stat.diveOneCm":15721}