{

  "parent": "minecraft:story/enter_the_nether",
  "display": {
    "icon": {
      "item": "minecraft:golden_apple"
    },
    "title": {
      "translate": "advancements.story.cure_zombie_villager.title"
    },
    "description": {
      "translate": "advancements.story.cure_zombie_villager.description"
    },
    "frame": "task",
    "show_toast": false,
    "announce_to_chat": false,
    "hidden": true
  },
  "criteria": {
        "impossible": {
            "trigger": "minecraft:impossible"
        }
  },
  "requirements": [
    [
      "impossible"
    ]
  ]
}