{

  "parent": "minecraft:story/lava_bucket",
  "display": {
    "icon": {
      "item": "minecraft:obsidian"
    },
    "title": {
      "translate": "advancements.story.form_obsidian.title"
    },
    "description": {
      "translate": "advancements.story.form_obsidian.description"
    },
    "frame": "task",
    "show_toast": false,
    "announce_to_chat": false,
    "hidden": true
  },
  "criteria": {
        "impossible": {
            "trigger": "minecraft:impossible"
        }
  },
  "requirements": [
    [
      "impossible"
    ]
  ]
}