{

  "parent": "minecraft:story/smelt_iron",
  "display": {
    "icon": {
      "item": "minecraft:iron_pickaxe",
      "nbt": "{Damage:0}"
    },
    "title": {
      "translate": "advancements.story.iron_tools.title"
    },
    "description": {
      "translate": "advancements.story.iron_tools.description"
    },
    "frame": "task",
    "show_toast": false,
    "announce_to_chat": false,
    "hidden": true
  },
  "criteria": {
        "impossible": {
            "trigger": "minecraft:impossible"
        }
  },
  "requirements": [
    [
      "impossible"
    ]
  ]
}