{
    "parent": "game:ee/root",
    "display": {
        "title": {"text":"The Underground Town","color":"light_purple","bold":true},
        "description": {"text":"","color":"white","bold":false},
        "icon": {
            "item": "minecraft:oak_wood"
        },
        "frame": "task",
        "show_toast": true,
        "announce_to_chat": false,
        "hidden": true
    },
    "criteria": {
        "root": {
            "trigger": "minecraft:impossible"
        }
    }
}