{"stats":{"minecraft:used":{"minecraft:oak_stairs":152,"minecraft:oak_pressure_plate":4,"minecraft:white_wool":2,"minecraft:potion":13,"minecraft:white_bed":93},"minecraft:dropped":{"minecraft:filled_map":2,"minecraft:wheat_seeds":1,"minecraft:wheat":6,"minecraft:potion":2,"minecraft:rotten_flesh":2,"minecraft:slime_ball":1,"minecraft:arrow":1,"minecraft:coal":1},"minecraft:picked_up":{"minecraft:wheat":6,"minecraft:torch":3,"minecraft:oak_pressure_plate":1,"minecraft:filled_map":1,"minecraft:potion":1,"minecraft:gunpowder":3,"minecraft:redstone":7,"minecraft:string":7,"minecraft:arrow":1,"minecraft:rotten_flesh":2,"minecraft:slime_ball":1,"minecraft:kelp":1,"minecraft:wheat_seeds":1,"minecraft:music_disc_otherside":1,"minecraft:saddle":1,"minecraft:poppy":1,"minecraft:bread":1,"minecraft:mutton":1,"minecraft:coal":1,"minecraft:white_wool":1,"minecraft:egg":2},"minecraft:custom":{"minecraft:time_since_rest":18982,"minecraft:sprint_one_cm":2106,"minecraft:damage_taken":280,"minecraft:walk_one_cm":168451,"minecraft:mob_kills":8,"minecraft:drop":16,"minecraft:damage_dealt":3069,"minecraft:swim_one_cm":22086,"minecraft:talked_to_villager":4,"minecraft:fly_one_cm":2109729,"minecraft:open_chest":9,"minecraft:crouch_one_cm":1856,"minecraft:play_time":154374,"minecraft:deaths":1,"minecraft:bell_ring":61,"minecraft:sneak_time":9431,"minecraft:walk_under_water_one_cm":272911,"minecraft:jump":199,"minecraft:interact_with_brewingstand":1,"minecraft:leave_game":18,"minecraft:walk_on_water_one_cm":43899,"minecraft:time_since_death":18952,"minecraft:sleep_in_bed":2,"minecraft:climb_one_cm":66,"minecraft:total_world_time":155929},"minecraft:killed":{"minecraft:sheep":2,"minecraft:chicken":1}},"DataVersion":3465}