{"stats":{"minecraft:used":{"minecraft:redstone_torch":7,"minecraft:brown_wool":139,"minecraft:lime_wool":11,"minecraft:green_wool":1,"minecraft:oak_sign":2,"minecraft:redstone_lamp":3,"minecraft:repeater":14,"minecraft:redstone_block":10,"minecraft:red_wool":4,"minecraft:redstone":60},"minecraft:custom":{"minecraft:jump":1189,"minecraft:time_since_rest":2287053,"minecraft:leave_game":8,"minecraft:play_time":2287053,"minecraft:sprint_one_cm":33993,"minecraft:time_since_death":2287053,"minecraft:walk_one_cm":4352,"minecraft:sneak_time":41135,"minecraft:total_world_time":2513988,"minecraft:fly_one_cm":1024709}},"DataVersion":3700}