{
  "minecraft:recipes/decorations/crafting_table": {
    "criteria": {
      "unlock_right_away": "2023-08-31 16:50:25 +0530"
    },
    "done": true
  },
  "minecraft:adventure/adventuring_time": {
    "criteria": {
      "minecraft:snowy_slopes": "2023-08-31 16:57:55 +0530",
      "minecraft:dripstone_caves": "2023-08-31 16:58:35 +0530",
      "minecraft:grove": "2023-08-31 16:56:57 +0530",
      "minecraft:jagged_peaks": "2023-08-31 16:57:59 +0530",
      "minecraft:forest": "2023-08-31 16:50:33 +0530",
      "minecraft:frozen_peaks": "2023-08-31 16:57:03 +0530",
      "minecraft:deep_dark": "2023-08-31 16:58:48 +0530",
      "minecraft:meadow": "2023-08-31 16:51:06 +0530",
      "minecraft:plains": "2023-08-31 16:57:29 +0530"
    },
    "done": false
  },
  "DataVersion": 3465
}