{"stats":{"minecraft:custom":{"minecraft:time_since_rest":94197,"minecraft:open_chest":9,"minecraft:crouch_one_cm":1814,"minecraft:sprint_one_cm":1546,"minecraft:play_time":94197,"minecraft:damage_taken":60,"minecraft:walk_one_cm":231040,"minecraft:sneak_time":5157,"minecraft:walk_under_water_one_cm":180325,"minecraft:mob_kills":1,"minecraft:drop":13,"minecraft:jump":283,"minecraft:damage_dealt":345,"minecraft:leave_game":16,"minecraft:walk_on_water_one_cm":9148,"minecraft:time_since_death":94197,"minecraft:total_world_time":117990,"minecraft:fall_one_cm":1410,"minecraft:fly_one_cm":525128},"minecraft:used":{"minecraft:diamond_block":2,"minecraft:gold_block":1,"minecraft:zombie_spawn_egg":3},"minecraft:picked_up":{"minecraft:ladder":1,"minecraft:rotten_flesh":2,"minecraft:golden_hoe":1,"minecraft:golden_axe":1,"minecraft:glistering_melon_slice":6,"minecraft:obsidian":1},"minecraft:dropped":{"minecraft:gold_block":1,"minecraft:rotten_flesh":1,"minecraft:golden_hoe":1,"minecraft:glistering_melon_slice":6,"minecraft:glowstone":1,"minecraft:obsidian":1,"minecraft:ladder":1,"minecraft:golden_axe":1}},"DataVersion":3465}