{"stats":{"minecraft:custom":{"minecraft:time_since_rest":5734,"minecraft:sprint_one_cm":757,"minecraft:damage_taken":177,"minecraft:walk_one_cm":109860,"minecraft:damage_blocked_by_shield":190,"minecraft:mob_kills":41,"minecraft:drop":3,"minecraft:damage_dealt":2679,"minecraft:talked_to_villager":1,"minecraft:fly_one_cm":402666,"minecraft:open_chest":3,"minecraft:bell_ring":15,"minecraft:raid_trigger":1,"minecraft:crouch_one_cm":961,"minecraft:play_time":66543,"minecraft:sneak_time":3389,"minecraft:walk_under_water_one_cm":46204,"minecraft:jump":103,"minecraft:leave_game":3,"minecraft:time_since_death":66543,"minecraft:walk_on_water_one_cm":7319,"minecraft:sleep_in_bed":2,"minecraft:total_world_time":68122},"minecraft:killed":{"minecraft:skeleton":11,"minecraft:pillager":1,"minecraft:zombie":7,"minecraft:witch":2,"minecraft:bat":7,"minecraft:spider":3,"minecraft:creeper":7,"minecraft:enderman":2},"minecraft:used":{"minecraft:warden_spawn_egg":8,"minecraft:enderman_spawn_egg":24,"minecraft:diamond_boots":1,"minecraft:flint_and_steel":1,"minecraft:iron_block":68,"minecraft:ender_pearl":1,"minecraft:shield":9,"minecraft:light_blue_bed":50,"minecraft:diamond_chestplate":1,"minecraft:torch":5,"minecraft:diamond_block":1,"minecraft:diamond_sword":45,"minecraft:potion":6,"minecraft:diamond_helmet":1,"minecraft:gold_block":2,"minecraft:endermite_spawn_egg":3,"minecraft:diamond_leggings":1,"minecraft:pillager_spawn_egg":30},"minecraft:picked_up":{"minecraft:melon":1,"minecraft:ink_sac":3,"minecraft:gunpowder":1,"minecraft:diamond_block":45,"minecraft:white_banner":1,"minecraft:bone":2,"minecraft:arrow":6,"minecraft:rotten_flesh":1,"minecraft:wheat_seeds":1,"minecraft:ender_pearl":2},"minecraft:dropped":{"minecraft:shield":1,"minecraft:gunpowder":1,"minecraft:torch":1}},"DataVersion":3465}