{

  "parent": "minecraft:husbandry/breed_an_animal",
  "display": {
    "icon": {
      "item": "minecraft:golden_carrot"
    },
    "title": {
      "translate": "advancements.husbandry.breed_all_animals.title"
    },
    "description": {
      "translate": "advancements.husbandry.breed_all_animals.description"
    },
    "frame": "task",
    "show_toast": false,
    "announce_to_chat": false,
    "hidden": true
  },
  "criteria": {
        "impossible": {
            "trigger": "minecraft:impossible"
        }
  },
  "requirements": [
    [
      "impossible"
    ]
  ]
}